<?xml version="1.0" encoding="UTF-8" standalone="no"?>
	<featureModel>
		<properties/>
		<struct>
			<and abstract="true" mandatory="true" name="eShop">
				<and abstract="true" mandatory="true" name="Store_front">
					<and abstract="true" name="Home_page">
						<or abstract="true" mandatory="true" name="sg_Home_page6">
							<feature name="Static_content_7"/>
							<and abstract="true" name="Dynamic_content8">
								<and abstract="true" mandatory="true" name="Content_type9">
									<or abstract="true" mandatory="true" name="sg_Content_type910">
										<feature name="Welcome_message11"/>
										<feature name="Special_offers"/>
									</or>
								</and>
								<and abstract="true" mandatory="true" name="Variation_source13">
									<or abstract="true" mandatory="true" name="sg_Variation_source1314">
										<feature name="Time_dependent15"/>
										<feature name="Personalized16"/>
									</or>
								</and>
							</and>
						</or>
					</and>
					<and abstract="true" name="Registration">
						<and abstract="true" mandatory="true" name="Registration_enforcement">
							<or abstract="true" mandatory="true" name="sg_Registration_enforcement19">
								<feature name="Register_to_browse20"/>
								<feature name="Register_to_buy"/>
								<feature name="None22"/>
							</or>
						</and>
						<and abstract="true" mandatory="true" name="Registration_information23">
							<feature mandatory="true" name="Login_credentials24"/>
							<and abstract="true" name="Shipping_address">
								<feature name="Multiple_shipping_addresses26"/>
							</and>
							<and abstract="true" name="Billing_address27">
								<feature name="Multiple_billing_addresses28"/>
							</and>
							<and abstract="true" name="Credit_card_information29">
								<feature mandatory="true" name="Card_holder_name30"/>
								<feature mandatory="true" name="Card_number31"/>
								<feature mandatory="true" name="Expiry_date32"/>
								<feature name="Security_information33"/>
							</and>
							<and abstract="true" name="Demographics34">
								<or abstract="true" mandatory="true" name="sg_Demographics3435">
									<feature name="Age36"/>
									<feature name="Income37"/>
									<feature name="Education38"/>
									<feature name="Custom_Demographic_field39"/>
								</or>
							</and>
							<feature name="Personal_Information40"/>
							<and abstract="true" name="Preferences">
								<or abstract="true" mandatory="true" name="sg_Preferences42">
									<feature name="Site_layout43"/>
									<feature name="List_size44"/>
									<feature name="Language45"/>
								</or>
							</and>
							<feature name="Reminders46"/>
							<feature name="Quick_checkout_profile"/>
							<feature name="Custom_fields48"/>
						</and>
						<feature name="User_behaviour_tracking_information"/>
					</and>
					<and abstract="true" mandatory="true" name="Catalog">
						<and abstract="true" mandatory="true" name="Product_Information">
							<and abstract="true" mandatory="true" name="Product_type">
								<or abstract="true" mandatory="true" name="sg_Product_type53">
									<feature name="Eletronic_goods"/>
									<feature name="Physical_goods"/>
									<feature name="Services"/>
								</or>
							</and>
							<feature mandatory="true" name="Basic_information"/>
							<feature name="Detailed_information"/>
							<feature name="Warranty_information"/>
							<feature name="Customer_reviews"/>
							<and abstract="true" name="Associated_assets">
								<or abstract="true" mandatory="true" name="sg_Associated_assets62">
									<feature name="Documents63"/>
									<and abstract="true" name="Media_files64">
										<or abstract="true" mandatory="true" name="sg_Media_files6465">
											<and abstract="true" name="Image66">
												<or abstract="true" mandatory="true" name="sg_Image6667">
													<feature name="Thumbnail68"/>
													<feature name="a2D_image69"/>
													<feature name="a3D_image70"/>
													<feature name="a360_degrees_image71"/>
													<feature name="Different_perspectives72"/>
													<feature name="Gallery73"/>
												</or>
											</and>
											<feature name="Video74"/>
											<feature name="Sound75"/>
										</or>
									</and>
								</or>
							</and>
							<and abstract="true" name="Product_variants">
								<feature name="Complex_product_configuration77"/>
							</and>
							<feature name="Size"/>
							<feature name="Weight"/>
							<feature name="Availability"/>
							<feature name="Custom_fields"/>
						</and>
						<and abstract="true" name="Categories">
							<and abstract="true" mandatory="true" name="categories_catalog">
								<and abstract="true" name="Categories84">
									<feature name="Multi_level85"/>
									<feature name="Multiple_classification86"/>
								</and>
							</and>
						</and>
						<feature name="Multiple_catalogs87"/>
						<and abstract="true" name="Searching88">
							<or abstract="true" mandatory="true" name="sg_Searching8889">
								<feature name="Basic_search90"/>
								<feature name="Advanced_search91"/>
							</or>
						</and>
						<and abstract="true" name="Browsing92">
							<feature mandatory="true" name="Product_page93"/>
							<feature name="Category_page"/>
							<and abstract="true" name="Index_page95">
								<and abstract="true" name="Sorting_filters96">
									<or abstract="true" mandatory="true" name="sg_Sorting_filters9697">
										<feature name="Price98"/>
										<feature name="Quality99"/>
										<feature name="Price_Quality_ratio_100"/>
										<feature name="Manufacturer_name101"/>
										<feature name="Custom_filter102"/>
									</or>
								</and>
							</and>
						</and>
						<and abstract="true" name="Custom_views103">
							<feature name="Seasonal_product_views104"/>
							<feature name="Personalized_views105"/>
						</and>
					</and>
					<and abstract="true" name="Wish_list">
						<feature name="Wish_list_save_after_session"/>
						<feature name="E_mail_wish_list"/>
						<feature name="Multiple_wish_lists109"/>
						<and abstract="true" name="Permissions">
							<or abstract="true" mandatory="true" name="sg_Permissions111">
								<feature name="Public_access112"/>
								<feature name="Restricted_access113"/>
								<feature name="Private_access114"/>
							</or>
						</and>
					</and>
					<and abstract="true" mandatory="true" name="Buy_paths">
						<and abstract="true" mandatory="true" name="Shopping_cart116">
							<feature mandatory="true" name="Inventory_management_policy117"/>
							<feature mandatory="true" name="Cart_content_page118"/>
							<feature name="Cart_summary_page119"/>
							<feature name="Cart_save_after_session120"/>
						</and>
						<and abstract="true" mandatory="true" name="Checkout121">
							<and abstract="true" mandatory="true" name="Checkout_type122">
								<or abstract="true" mandatory="true" name="sg_Checkout_type122123">
									<and abstract="true" name="Registered_checkout">
										<and abstract="true" name="Quick_checkout">
											<feature name="Enable_profile_update_on_checkout_126"/>
										</and>
									</and>
									<feature name="Guest_checkout127"/>
								</or>
							</and>
							<and abstract="true" name="Shipping_options">
								<feature name="Quality_of_service_selection129"/>
								<feature name="Carrier_selection130"/>
								<feature name="Gift_options131"/>
								<feature name="Multiple_shipments132"/>
								<feature mandatory="true" name="Shipping_cost_calculation133"/>
							</and>
							<and abstract="true" mandatory="true" name="Taxation_options134">
								<or abstract="true" mandatory="true" name="sg_Taxation_options134135">
									<and abstract="true" name="Custom_taxation136">
										<and abstract="true" mandatory="true" name="Type137">
											<or abstract="true" mandatory="true" name="sg_Type137138">
												<feature name="Fixed_rate_taxation139"/>
												<and abstract="true" name="Rule_based_taxation140">
													<feature mandatory="true" name="Tax_codes141"/>
													<and abstract="true" mandatory="true" name="Address142">
														<feature mandatory="true" name="Shipping"/>
														<feature name="Billing144"/>
													</and>
													<and abstract="true" name="Resolution145">
														<or abstract="true" mandatory="true" name="sg_Resolution145146">
															<feature name="Country147"/>
															<feature name="Region148"/>
															<feature name="City149"/>
														</or>
													</and>
												</and>
											</or>
										</and>
										<and abstract="true" mandatory="true" name="Ammount_specification150">
											<or abstract="true" mandatory="true" name="sg_Ammount_specification150151">
												<feature name="Surcharge152"/>
												<feature name="Percentage153"/>
											</or>
										</and>
									</and>
									<and abstract="true" name="Tax_gateways154">
										<or abstract="true" mandatory="true" name="sg_Tax_gateways154155">
											<feature name="CertiTAX156"/>
											<feature name="CyberSource157"/>
											<feature name="Custom_tax_gateway158"/>
										</or>
									</and>
								</or>
							</and>
							<and abstract="true" mandatory="true" name="Payment_options159">
								<and abstract="true" mandatory="true" name="Payment_types160">
									<or abstract="true" mandatory="true" name="sg_Payment_types160161">
										<feature name="COD162"/>
										<feature name="Credit_card163"/>
										<feature name="Debit_card164"/>
										<feature name="Eletronic_cheque165"/>
										<feature name="Fax_mail_order166"/>
										<feature name="Purchase_order167"/>
										<feature name="Gift_certificate168"/>
										<feature name="Phone_order169"/>
										<feature name="Custom_payment_type170"/>
									</or>
								</and>
								<feature name="Fraud_detection171"/>
								<and abstract="true" name="Payment_gateways172">
									<or abstract="true" mandatory="true" name="sg_Payment_gateways172173">
										<feature name="Authorize_Net174"/>
										<feature name="CyberSource175"/>
										<feature name="LinkPoint176"/>
										<feature name="Paradata177"/>
										<feature name="SkipJack178"/>
										<feature name="Verisign_Payflow_Pro179"/>
										<feature name="Custom_payment_gateway180"/>
									</or>
								</and>
							</and>
						</and>
						<and abstract="true" mandatory="true" name="Order_confirmation181">
							<or abstract="true" mandatory="true" name="sg_Order_confirmation181182">
								<feature name="Eletronic_page183"/>
								<feature name="E_mail184"/>
								<feature name="Phone185"/>
								<feature name="Mail186"/>
							</or>
						</and>
					</and>
					<and abstract="true" name="Customer_service">
						<or abstract="true" mandatory="true" name="sg_Customer_service188">
							<and abstract="true" name="Question_and_feedback_forms189">
								<feature name="Question_and_feedback_tracking190"/>
							</and>
							<feature name="Product_returns191"/>
							<and abstract="true" name="Order_status_review192">
								<and abstract="true" mandatory="true" name="Filtering_criteria193">
									<or abstract="true" mandatory="true" name="sg_Filtering_criteria193194">
										<feature name="Order_number195"/>
										<feature name="Order_date196"/>
										<feature name="Order_status197"/>
									</or>
								</and>
								<feature name="Request_order_hardcopy198"/>
							</and>
							<and abstract="true" name="Shipment_status_tracking_199">
								<or abstract="true" mandatory="true" name="sg_Shipment_status_tracking_199200">
									<feature name="Internal_tracking201"/>
									<feature name="Partner_tracking202"/>
								</or>
							</and>
						</or>
					</and>
					<and abstract="true" name="User_behaviour_tracking">
						<and abstract="true" mandatory="true" name="Behaviour_tracked204">
							<or abstract="true" mandatory="true" name="sg_Behaviour_tracked204205">
								<feature name="Locally_visited_pages"/>
								<feature name="External_referring_pages"/>
								<feature name="Previous_purchases"/>
							</or>
						</and>
					</and>
				</and>
				<and abstract="true" mandatory="true" name="Business_management">
					<and abstract="true" mandatory="true" name="Order_management210">
						<and abstract="true" mandatory="true" name="Fulfillment211">
							<or abstract="true" mandatory="true" name="sg_Fulfillment211212">
								<and abstract="true" name="Physical_goods_fulfillment">
									<feature mandatory="true" name="Warehouse_management"/>
									<and abstract="true" mandatory="true" name="shipping">
										<or abstract="true" mandatory="true" name="sg_shipping216">
											<and abstract="true" name="Custom_shipping_method217">
												<and abstract="true" mandatory="true" name="Pricing218">
													<feature mandatory="true" name="Flat_rate219"/>
													<and abstract="true" name="Rate_factors220">
														<or abstract="true" mandatory="true" name="sg_Rate_factors220221">
															<feature name="Quantity_purchased222"/>
															<feature name="Order_total223"/>
															<feature name="Weight224"/>
															<feature name="Product_classification225"/>
														</or>
													</and>
												</and>
											</and>
											<and abstract="true" name="Shipping_gateways226">
												<or abstract="true" mandatory="true" name="sg_Shipping_gateways226227">
													<feature name="FedEX228"/>
													<feature name="UPS229"/>
													<feature name="USPS230"/>
													<feature name="Canada_Post231"/>
													<feature name="Custom_shipping_gateway232"/>
												</or>
											</and>
										</or>
									</and>
								</and>
								<and abstract="true" name="Eletronic_goods_fulfillment">
									<feature mandatory="true" name="File_repository234"/>
									<feature mandatory="true" name="License_management235"/>
								</and>
								<and abstract="true" name="Services_fulfillment">
									<feature name="Appointment_scheduling237"/>
									<feature name="Resource_planning238"/>
								</and>
							</or>
						</and>
					</and>
					<and abstract="true" name="Targeting239">
						<and abstract="true" mandatory="true" name="Targeting_criteria240">
							<or abstract="true" mandatory="true" name="sg_Targeting_criteria240241">
								<feature name="Customer_preferences"/>
								<feature name="Personal_information243"/>
								<feature name="Demographics244"/>
								<feature name="targeting_criteria_previous_purchases"/>
								<feature name="Shopping_cart_content246"/>
								<feature name="Wish_list_content"/>
								<feature name="Previously_visited_pages"/>
								<feature name="Date_and_time249"/>
								<feature name="Custom_target_criteria250"/>
							</or>
						</and>
						<and abstract="true" mandatory="true" name="Targeting_mechanisms251">
							<or abstract="true" mandatory="true" name="sg_Targeting_mechanisms251252">
								<and abstract="true" name="Advertisements253">
									<and abstract="true" mandatory="true" name="Advertisement_types254">
										<or abstract="true" mandatory="true" name="sg_Advertisement_types254255">
											<feature name="Banner_ads256"/>
											<feature name="Pop_up_ads257"/>
										</or>
									</and>
									<and abstract="true" mandatory="true" name="Advertisement_sources258">
										<or abstract="true" mandatory="true" name="sg_Advertisement_sources258259">
											<feature name="House_advertisements260"/>
											<and abstract="true" name="Paid_advertisements261">
												<feature mandatory="true" name="Advertisement_management_interface262"/>
											</and>
										</or>
									</and>
									<feature name="Advertisement_response_tracking263"/>
									<feature name="Context_sensitive_ads264"/>
								</and>
								<and abstract="true" name="Discounts">
									<and abstract="true" mandatory="true" name="Discount_conditions266">
										<feature mandatory="true" name="Product_and_quantity_scope267"/>
										<feature mandatory="true" name="Time_scope268"/>
										<feature name="Purchase_value_scope269"/>
									</and>
									<and abstract="true" mandatory="true" name="Award270">
										<or abstract="true" mandatory="true" name="sg_Award270271">
											<feature name="Percentage_discount272"/>
											<feature name="Fixed_discount273"/>
											<feature name="Free_item274"/>
										</or>
									</and>
									<and abstract="true" mandatory="true" name="Eligibility_requirements275">
										<feature name="Customer_segments276"/>
										<feature name="Shipping_address277"/>
									</and>
									<and abstract="true" mandatory="true" name="Graduation_by278">
										<or abstract="true" mandatory="true" name="sg_Graduation_by278279">
											<feature name="Purchase_value280"/>
											<feature name="Quantity281"/>
										</or>
									</and>
									<feature name="Coupons282"/>
									<feature mandatory="true" name="Handling_multiple_discounts283"/>
								</and>
								<and abstract="true" name="Sell_strategies284">
									<or abstract="true" mandatory="true" name="sg_Sell_strategies284285">
										<feature name="Product_kitting286"/>
										<and abstract="true" name="Up_selling287">
											<feature mandatory="true" name="Substitute_products288"/>
										</and>
										<and abstract="true" name="Cross_selling289">
											<feature mandatory="true" name="Past_customers_also_bought290"/>
										</and>
									</or>
								</and>
							</or>
						</and>
						<and abstract="true" mandatory="true" name="Display_and_notification291">
							<or abstract="true" mandatory="true" name="sg_Display_and_notification291292">
								<feature name="Assignment_to_page_types_for_display293"/>
								<feature name="Product_flagging294"/>
								<and abstract="true" name="E_mails295">
									<feature name="Personalized"/>
									<feature name="Response_tracking297"/>
								</and>
							</or>
						</and>
						<feature name="Campaigns298"/>
					</and>
					<and abstract="true" name="Affiliates299">
						<feature mandatory="true" name="Affiliate_registration300"/>
						<feature mandatory="true" name="Commission_tracking301"/>
					</and>
					<and abstract="true" name="Inventory_tracking">
						<feature name="Allow_backorders303"/>
					</and>
					<and abstract="true" name="Procurement">
						<and abstract="true" mandatory="true" name="Stock_replenishment305">
							<feature mandatory="true" name="Manual306"/>
							<and abstract="true" name="Automatic">
								<feature mandatory="true" name="Non_repudiation_service308"/>
							</and>
						</and>
					</and>
					<and abstract="true" name="Reporting_and_analysis">
						<feature mandatory="true" name="Report_types310"/>
						<feature mandatory="true" name="Report_formats_311"/>
						<feature mandatory="true" name="Level_of_detail312"/>
					</and>
					<and abstract="true" name="External_systems_integration313">
						<or abstract="true" mandatory="true" name="sg_External_systems_integration313314">
							<feature name="Fulfillment_system"/>
							<feature name="Inventory_management_system316"/>
							<feature name="Procurement_system"/>
							<feature name="External_distributor_system318"/>
						</or>
					</and>
					<and abstract="true" mandatory="true" name="Administration319">
						<and abstract="true" mandatory="true" name="Content_management320">
							<feature mandatory="true" name="Product_database_management321"/>
							<feature mandatory="true" name="Presentation_options322"/>
							<feature mandatory="true" name="General_layout_management323"/>
							<feature name="Content_approval324"/>
						</and>
						<and abstract="true" mandatory="true" name="Store_administration325">
							<feature mandatory="true" name="Site_search326"/>
							<feature mandatory="true" name="Search_engine_registration327"/>
							<feature mandatory="true" name="Domain_name_setup328"/>
						</and>
					</and>
				</and>
			</and>
		</struct>
		<constraints>
			<rule>
				<disj>
					<not>
						<var>Special_offers</var>
					</not>
					<var>Discounts</var>
				</disj>
			</rule>
			<rule>
				<disj>
					<not>
						<var>Registered_checkout</var>
					</not>
					<var>Registration_enforcement</var>
				</disj>
			</rule>
			<rule>
				<disj>
					<not>
						<var>Registered_checkout</var>
					</not>
					<var>Register_to_buy</var>
				</disj>
			</rule>
			<rule>
				<disj>
					<not>
						<var>Customer_preferences</var>
					</not>
					<var>Preferences</var>
				</disj>
			</rule>
			<rule>
				<disj>
					<not>
						<var>Quick_checkout</var>
					</not>
					<var>Quick_checkout_profile</var>
				</disj>
			</rule>
			<rule>
				<disj>
					<not>
						<var>User_behaviour_tracking_information</var>
					</not>
					<var>User_behaviour_tracking</var>
				</disj>
			</rule>
			<rule>
				<disj>
					<not>
						<var>Eletronic_goods</var>
					</not>
					<var>Eletronic_goods_fulfillment</var>
				</disj>
			</rule>
			<rule>
				<disj>
					<not>
						<var>Physical_goods</var>
					</not>
					<var>Physical_goods_fulfillment</var>
				</disj>
			</rule>
			<rule>
				<disj>
					<not>
						<var>Services</var>
					</not>
					<var>Services_fulfillment</var>
				</disj>
			</rule>
			<rule>
				<disj>
					<not>
						<var>Physical_goods</var>
					</not>
					<var>Size</var>
				</disj>
			</rule>
			<rule>
				<disj>
					<not>
						<var>Eletronic_goods</var>
					</not>
					<var>Size</var>
				</disj>
			</rule>
			<rule>
				<disj>
					<not>
						<var>Physical_goods</var>
					</not>
					<var>Weight</var>
				</disj>
			</rule>
			<rule>
				<disj>
					<not>
						<var>Availability</var>
					</not>
					<var>Inventory_tracking</var>
				</disj>
			</rule>
			<rule>
				<disj>
					<not>
						<var>Category_page</var>
					</not>
					<var>Categories</var>
				</disj>
			</rule>
			<rule>
				<disj>
					<not>
						<var>Wish_list</var>
					</not>
					<var>Wish_list_save_after_session</var>
				</disj>
			</rule>
			<rule>
				<disj>
					<var>Registration</var>
					<var>Wish_list_save_after_session</var>
				</disj>
			</rule>
			<rule>
				<disj>
					<not>
						<var>E_mail_wish_list</var>
					</not>
					<var>Registration</var>
				</disj>
			</rule>
			<rule>
				<disj>
					<not>
						<var>Permissions</var>
					</not>
					<var>Registration</var>
				</disj>
			</rule>
			<rule>
				<disj>
					<not>
						<var>Shipping_options</var>
					</not>
					<var>shipping</var>
				</disj>
			</rule>
			<rule>
				<disj>
					<not>
						<var>Wish_list_content</var>
					</not>
					<var>Wish_list</var>
				</disj>
			</rule>
			<rule>
				<disj>
					<not>
						<var>Previously_visited_pages</var>
					</not>
					<disj>
						<var>Locally_visited_pages</var>
						<var>External_referring_pages</var>
					</disj>
				</disj>
			</rule>
		</constraints>
		<calculations Auto="true" Constraints="true" Features="true" Redundant="true" Tautology="true"/>
		<comments/>
		<featureOrder userDefined="false"/>
	</featureModel>
