<?xml version="1.0" encoding="UTF-8" standalone="no"?>
	<featureModel>
		<properties/>
		<struct>
			<and abstract="true" mandatory="true" name="DB">
				<alt abstract="true" mandatory="true" name="OS">
					<feature name="NutOS"/>
					<feature name="Win"/>
				</alt>
				<alt abstract="true" mandatory="true" name="BufferMgr">
					<and abstract="true" name="Persistent">
						<alt abstract="true" mandatory="true" name="MemAlloc">
							<feature name="Static"/>
							<feature name="Dynamic"/>
						</alt>
						<alt abstract="true" mandatory="true" name="PageRepl">
							<feature name="LRU"/>
							<feature name="LFU"/>
						</alt>
					</and>
					<feature name="InMemory"/>
				</alt>
				<feature name="DebugLogging"/>
				<and abstract="true" mandatory="true" name="Storage">
					<or abstract="true" mandatory="true" name="API">
						<feature name="get"/>
						<feature name="put"/>
						<feature name="delete"/>
					</or>
					<alt abstract="true" mandatory="true" name="Index">
						<feature name="BTree"/>
						<feature name="Unindexed"/>
					</alt>
				</and>
			</and>
		</struct>
		<constraints/>
		<calculations Auto="true" Constraints="true" Features="true" Redundant="true" Tautology="true"/>
		<comments/>
		<featureOrder userDefined="false"/>
	</featureModel>
