<?xml version="1.0" encoding="UTF-8" standalone="no"?>
	<featureModel>
		<properties/>
		<struct>
			<alt abstract="true" mandatory="true" name="GPL">
				<and abstract="true" name="MainGpl">
					<feature mandatory="true" name="TestProg"/>
					<or abstract="true" mandatory="true" name="Alg">
						<feature name="Number"/>
						<feature name="Connected"/>
						<and abstract="true" name="StrongC">
							<feature mandatory="true" name="Transpose"/>
							<feature mandatory="true" name="StronglyConnected"/>
						</and>
						<feature name="Cycle"/>
						<feature name="MSTPrim"/>
						<feature name="MSTKruskal"/>
					</or>
					<alt abstract="true" name="Src">
						<feature name="BFS"/>
						<feature name="DFS"/>
					</alt>
					<alt abstract="true" hidden="true" mandatory="true" name="HiddenWgt">
						<and abstract="true" name="WeightOptions">
							<feature name="WeightedWithEdges"/>
							<feature name="WeightedWithNeighbors"/>
							<feature name="WeightedOnlyVertices"/>
						</and>
					</alt>
					<alt abstract="true" mandatory="true" name="Wgt">
						<feature name="Weighted"/>
						<feature name="Unweighted"/>
					</alt>
					<alt abstract="true" hidden="true" mandatory="true" name="HiddenGtp">
						<feature name="DirectedWithEdges"/>
						<feature name="DirectedWithNeighbors"/>
						<feature name="DirectedOnlyVertices"/>
						<feature name="UndirectedWithEdges"/>
						<feature name="UndirectedWithNeighbors"/>
						<feature name="UndirectedOnlyVertices"/>
					</alt>
					<alt abstract="true" mandatory="true" name="Gtp">
						<feature name="Directed"/>
						<feature name="Undirected"/>
					</alt>
					<alt abstract="true" mandatory="true" name="Implementation">
						<feature name="OnlyVertices"/>
						<feature name="WithNeighbors"/>
						<feature name="WithEdges"/>
					</alt>
					<feature mandatory="true" name="Base"/>
				</and>
			</alt>
		</struct>
		<constraints>
			<rule>
				<imp>
					<var>Number</var>
					<conj>
						<var>Gtp</var>
						<var>Src</var>
					</conj>
				</imp>
			</rule>
			<rule>
				<imp>
					<var>Connected</var>
					<conj>
						<var>Undirected</var>
						<var>Src</var>
					</conj>
				</imp>
			</rule>
			<rule>
				<imp>
					<var>StrongC</var>
					<conj>
						<var>Directed</var>
						<var>DFS</var>
					</conj>
				</imp>
			</rule>
			<rule>
				<imp>
					<var>Cycle</var>
					<conj>
						<var>Gtp</var>
						<var>DFS</var>
					</conj>
				</imp>
			</rule>
			<rule>
				<imp>
					<disj>
						<var>MSTKruskal</var>
						<var>MSTPrim</var>
					</disj>
					<conj>
						<var>Undirected</var>
						<var>Weighted</var>
					</conj>
				</imp>
			</rule>
			<rule>
				<imp>
					<disj>
						<var>MSTKruskal</var>
						<var>MSTPrim</var>
					</disj>
					<not>
						<conj>
							<var>MSTKruskal</var>
							<var>MSTPrim</var>
						</conj>
					</not>
				</imp>
			</rule>
			<rule>
				<imp>
					<conj>
						<var>OnlyVertices</var>
						<var>Weighted</var>
					</conj>
					<var>WeightedOnlyVertices</var>
				</imp>
			</rule>
			<rule>
				<imp>
					<conj>
						<var>WithNeighbors</var>
						<var>Weighted</var>
					</conj>
					<var>WeightedWithNeighbors</var>
				</imp>
			</rule>
			<rule>
				<imp>
					<conj>
						<var>WithEdges</var>
						<var>Weighted</var>
					</conj>
					<var>WeightedWithEdges</var>
				</imp>
			</rule>
			<rule>
				<imp>
					<conj>
						<var>OnlyVertices</var>
						<var>Directed</var>
					</conj>
					<var>DirectedOnlyVertices</var>
				</imp>
			</rule>
			<rule>
				<imp>
					<conj>
						<var>WithNeighbors</var>
						<var>Directed</var>
					</conj>
					<var>DirectedWithNeighbors</var>
				</imp>
			</rule>
			<rule>
				<imp>
					<conj>
						<var>WithEdges</var>
						<var>Directed</var>
					</conj>
					<var>DirectedWithEdges</var>
				</imp>
			</rule>
			<rule>
				<imp>
					<conj>
						<var>OnlyVertices</var>
						<var>Undirected</var>
					</conj>
					<var>UndirectedOnlyVertices</var>
				</imp>
			</rule>
			<rule>
				<imp>
					<conj>
						<var>WithNeighbors</var>
						<var>Undirected</var>
					</conj>
					<var>UndirectedWithNeighbors</var>
				</imp>
			</rule>
			<rule>
				<imp>
					<conj>
						<var>WithEdges</var>
						<var>Undirected</var>
					</conj>
					<var>UndirectedWithEdges</var>
				</imp>
			</rule>
		</constraints>
		<calculations Auto="true" Constraints="true" Features="true" Redundant="true" Tautology="true"/>
		<comments>
			<c>* GPL domain model March 2006 *</c>
			<c>grammar of feature model</c>
			<c>implementation constraints</c>
			<c>domain constraints</c>
			<c>formatting</c>
		</comments>
		<featureOrder userDefined="false"/>
	</featureModel>
