<?xml version="1.0" encoding="UTF-8" standalone="no"?>
	<featureModel>
		<properties/>
		<struct>
			<and abstract="true" mandatory="true" name="Bali">
				<alt abstract="true" mandatory="true" name="Tool">
					<and abstract="true" name="A">
						<feature name="requireBali2jak"/>
						<feature mandatory="true" name="bali2jak"/>
					</and>
					<and abstract="true" name="B">
						<feature name="requireBali2jcc"/>
						<feature mandatory="true" name="bali2jcc"/>
					</and>
					<and abstract="true" name="C">
						<feature name="requireComposer"/>
						<feature mandatory="true" name="composer"/>
					</and>
					<and abstract="true" name="D">
						<feature mandatory="true" name="bali2layerGUI"/>
						<feature mandatory="true" name="bali2layer"/>
						<feature mandatory="true" name="bali2layerOptions"/>
					</and>
				</alt>
				<feature mandatory="true" name="codegen"/>
				<and abstract="true" mandatory="true" name="Base">
					<feature name="require"/>
					<feature name="requireSyntax"/>
					<feature mandatory="true" name="collect"/>
					<feature mandatory="true" name="visitor"/>
					<feature mandatory="true" name="bali"/>
					<feature mandatory="true" name="syntax"/>
					<feature mandatory="true" name="kernel"/>
				</and>
			</and>
		</struct>
		<constraints/>
		<calculations Auto="true" Constraints="true" Features="true" Redundant="true" Tautology="true"/>
		<comments/>
		<featureOrder userDefined="false"/>
	</featureModel>
