<?xml version="1.0" encoding="UTF-8" standalone="no"?>
	<featureModel>
		<properties/>
		<struct>
			<alt abstract="true" mandatory="true" name="VncViewer">
				<and abstract="true" name="VncViewerMain">
					<alt abstract="true" mandatory="true" name="Type">
						<or abstract="true" name="Opt">
							<and abstract="true" name="OptionsMenuFeatures">
								<or abstract="true" name="MOpt">
									<feature name="OpEncodingFeat"/>
									<feature name="OpCompressionFeat"/>
									<feature name="OpJPEGqualityFeat"/>
									<feature name="OpCursorShapeFeat"/>
									<feature name="OpCopyRectFeat"/>
									<feature name="OpRestrictedColorsFeat"/>
									<feature name="OpMouse23Feat"/>
									<feature name="OpViewFeat"/>
									<feature name="OpShareFeat"/>
								</or>
								<feature mandatory="true" name="OptionsFeat"/>
							</and>
							<or abstract="true" name="BOpt">
								<feature name="AboutButtonFeat"/>
								<feature name="AltTabButtonFeat"/>
								<feature name="RefreshButtonFeat"/>
								<feature name="CtrlAltDelButtonFeat"/>
								<feature name="RecordButtonFeat"/>
								<feature name="ClipboardButtonFeat"/>
								<feature name="OptionsButtonFeat"/>
								<feature name="DisconnectButtonFeat"/>
							</or>
							<feature name="ClipboardFeat"/>
							<feature name="RecordingFeat"/>
						</or>
					</alt>
					<feature mandatory="true" name="Base"/>
				</and>
			</alt>
		</struct>
		<constraints>
			<rule>
				<imp>
					<var>RecordButtonFeat</var>
					<var>RecordingFeat</var>
				</imp>
			</rule>
			<rule>
				<imp>
					<var>OptionsButtonFeat</var>
					<var>OptionsFeat</var>
				</imp>
			</rule>
			<rule>
				<imp>
					<var>ClipboardButtonFeat</var>
					<var>ClipboardFeat</var>
				</imp>
			</rule>
		</constraints>
		<calculations Auto="true" Constraints="true" Features="true" Redundant="true" Tautology="true"/>
		<comments>
			<c>non-grammar constraints</c>
			<c>annotations</c>
			<c>Type { disp="TightVNC" }</c>
			<c>Opt { disp="Options" }</c>
			<c>MOpt { disp="Menu Option" }</c>
			<c>BOpt { disp="Button Option" }</c>
			<c>OpSubFeat { disp="Hidden" }</c>
		</comments>
		<featureOrder userDefined="false"/>
	</featureModel>
