<?xml version="1.0" encoding="UTF-8" standalone="no"?>
	<featureModel>
		<properties/>
		<struct>
			<alt abstract="true" mandatory="true" name="Violet">
				<and abstract="true" name="VioletDef">
					<or abstract="true" name="Additional">
						<feature name="CommandLine"/>
						<feature name="VersionChecker"/>
						<feature name="VioletFilter"/>
						<feature name="ImageFilter"/>
						<feature name="SetTitle"/>
						<feature name="Preferences"/>
					</or>
					<or abstract="true" name="Help">
						<feature name="About"/>
						<feature name="License"/>
					</or>
					<feature hidden="true" name="HelpMenu"/>
					<or abstract="true" name="Window">
						<feature name="CloseWindow"/>
						<feature name="RestoreWindow"/>
						<feature name="MaximizeWindow"/>
						<feature name="PreviousWindow"/>
						<feature name="NextWindow"/>
					</or>
					<feature hidden="true" name="WindowMenu"/>
					<or abstract="true" name="View">
						<feature name="LookAndFeel"/>
						<feature name="ZoomOut"/>
						<feature name="ZoomIn"/>
						<feature name="GrowDrawingArea"/>
						<feature name="ClipDrawingArea"/>
						<feature name="SmallerGrid"/>
						<feature name="LargerGrid"/>
						<feature name="HideGrid"/>
					</or>
					<feature hidden="true" name="ViewMenu"/>
					<or abstract="true" name="Edit">
						<feature name="EditProperties"/>
						<feature name="DeleteItem"/>
						<feature name="SelectNext"/>
						<feature name="SelectPrevious"/>
					</or>
					<feature hidden="true" name="EditMenu"/>
					<or abstract="true" name="ClassDiagram">
						<feature name="ClassNode"/>
						<feature name="InterfaceNode"/>
						<feature name="PackageNode"/>
						<feature name="ClassNoteNode"/>
						<feature name="ClassDependencyEdge"/>
						<feature name="ClassInheritanceEdge"/>
						<feature name="ClassAggregationEdge"/>
						<feature name="ClassAssociationEdge"/>
						<feature name="ClassCompositionEdge"/>
						<feature name="ClassInterfaceEdge"/>
						<feature name="ClassNoteEdge"/>
					</or>
					<feature hidden="true" name="ClassD"/>
					<or abstract="true" name="SequenceDiagram">
						<feature name="SequenceParameterNode"/>
						<feature name="SequenceCallNode"/>
						<feature name="SequenceNoteNode"/>
						<feature name="SequenceCallEdge"/>
						<feature name="SequenceReturnEdge"/>
						<feature name="SequenceNoteEdge"/>
					</or>
					<feature hidden="true" name="SequenceD"/>
					<or abstract="true" name="StateDiagram">
						<feature name="StateNode"/>
						<feature name="InitialStateNode"/>
						<feature name="FinalStateNode"/>
						<feature name="StateNoteNode"/>
						<feature name="StateTransitionEdge"/>
						<feature name="StateNoteEdge"/>
					</or>
					<feature hidden="true" name="StateD"/>
					<or abstract="true" name="ObjectDiagram">
						<feature name="ObjectNode"/>
						<feature name="ObjectFieldNode"/>
						<feature name="ObjectNoteNode"/>
						<feature name="ObjectReferenceEdge"/>
						<feature name="ObjectAssociationEdge"/>
						<feature name="ObjectNoteEdge"/>
					</or>
					<feature hidden="true" name="ObjectD"/>
					<or abstract="true" name="UseCaseDiagram">
						<feature name="Actor"/>
						<feature name="UseCaseNode"/>
						<feature name="UseCaseNoteNode"/>
						<feature name="UseCaseAssociationEdge"/>
						<feature name="ExtendRelationshipEdge"/>
						<feature name="IncludeRelationshipEdge"/>
						<feature name="UseCaseGeneralizationEdge"/>
						<feature name="UseCaseNoteEdge"/>
					</or>
					<feature hidden="true" name="UseCaseD"/>
					<feature hidden="true" name="DiagramSupport"/>
					<or abstract="true" name="File">
						<feature name="Exit"/>
						<feature name="Print"/>
						<feature name="ExportImage"/>
						<feature name="SaveFile"/>
						<feature name="SaveAs"/>
						<feature name="RecentFile"/>
						<feature name="OpenFile"/>
					</or>
					<feature hidden="true" name="NewFile"/>
					<feature hidden="true" name="FileMenu"/>
					<feature hidden="true" name="Read"/>
					<feature hidden="true" name="InternalFrame"/>
					<feature hidden="true" name="FileUtility"/>
					<feature hidden="true" name="ExtensionFilter"/>
					<feature hidden="true" name="GraphUtility"/>
					<feature hidden="true" name="MenuResources"/>
					<feature mandatory="true" name="base"/>
				</and>
			</alt>
		</struct>
		<constraints>
			<rule>
				<imp>
					<disj>
						<var>File</var>
						<disj>
							<var>NewFile</var>
							<disj>
								<var>Edit</var>
								<disj>
									<var>View</var>
									<disj>
										<var>Window</var>
										<disj>
											<var>Help</var>
											<var>Additional</var>
										</disj>
									</disj>
								</disj>
							</disj>
						</disj>
					</disj>
					<conj>
						<var>MenuResources</var>
						<conj>
							<var>GraphUtility</var>
							<conj>
								<var>ExtensionFilter</var>
								<conj>
									<var>FileUtility</var>
									<conj>
										<var>InternalFrame</var>
										<var>Read</var>
									</conj>
								</conj>
							</conj>
						</conj>
					</conj>
				</imp>
			</rule>
			<rule>
				<imp>
					<disj>
						<var>File</var>
						<var>NewFile</var>
					</disj>
					<var>FileMenu</var>
				</imp>
			</rule>
			<rule>
				<imp>
					<var>Edit</var>
					<var>EditMenu</var>
				</imp>
			</rule>
			<rule>
				<imp>
					<var>View</var>
					<var>ViewMenu</var>
				</imp>
			</rule>
			<rule>
				<imp>
					<var>Window</var>
					<var>WindowMenu</var>
				</imp>
			</rule>
			<rule>
				<imp>
					<var>Help</var>
					<var>HelpMenu</var>
				</imp>
			</rule>
			<rule>
				<imp>
					<disj>
						<var>ClassDiagram</var>
						<disj>
							<var>SequenceDiagram</var>
							<disj>
								<var>StateDiagram</var>
								<disj>
									<var>ObjectDiagram</var>
									<var>UseCaseDiagram</var>
								</disj>
							</disj>
						</disj>
					</disj>
					<conj>
						<var>DiagramSupport</var>
						<var>NewFile</var>
					</conj>
				</imp>
			</rule>
			<rule>
				<imp>
					<var>ClassDiagram</var>
					<var>ClassD</var>
				</imp>
			</rule>
			<rule>
				<imp>
					<var>SequenceDiagram</var>
					<var>SequenceD</var>
				</imp>
			</rule>
			<rule>
				<imp>
					<var>StateDiagram</var>
					<var>StateD</var>
				</imp>
			</rule>
			<rule>
				<imp>
					<var>ObjectDiagram</var>
					<var>ObjectD</var>
				</imp>
			</rule>
			<rule>
				<imp>
					<var>UseCaseDiagram</var>
					<var>UseCaseD</var>
				</imp>
			</rule>
			<rule>
				<imp>
					<var>RecentFile</var>
					<var>OpenFile</var>
				</imp>
			</rule>
			<rule>
				<imp>
					<var>SaveFile</var>
					<var>SaveAs</var>
				</imp>
			</rule>
			<rule>
				<imp>
					<var>ImageFilter</var>
					<conj>
						<var>ExtensionFilter</var>
						<var>ExportImage</var>
					</conj>
				</imp>
			</rule>
			<rule>
				<imp>
					<var>VioletFilter</var>
					<var>ExtensionFilter</var>
				</imp>
			</rule>
			<rule>
				<imp>
					<var>CommandLine</var>
					<var>OpenFile</var>
				</imp>
			</rule>
			<rule>
				<imp>
					<disj>
						<var>ClassDependencyEdge</var>
						<disj>
							<var>ClassInheritanceEdge</var>
							<disj>
								<var>ClassAggregationEdge</var>
								<disj>
									<var>ClassAssociationEdge</var>
									<disj>
										<var>ClassCompositionEdge</var>
										<var>ClassInterfaceEdge</var>
									</disj>
								</disj>
							</disj>
						</disj>
					</disj>
					<var>ClassNode</var>
				</imp>
			</rule>
			<rule>
				<imp>
					<var>ClassNoteEdge</var>
					<var>ClassNoteNode</var>
				</imp>
			</rule>
			<rule>
				<imp>
					<disj>
						<var>SequenceCallEdge</var>
						<var>SequenceReturnEdge</var>
					</disj>
					<var>SequenceCallNode</var>
				</imp>
			</rule>
			<rule>
				<imp>
					<var>SequenceNoteEdge</var>
					<var>SequenceNoteNode</var>
				</imp>
			</rule>
			<rule>
				<imp>
					<var>StateTransitionEdge</var>
					<var>StateNode</var>
				</imp>
			</rule>
			<rule>
				<imp>
					<var>StateNoteEdge</var>
					<var>StateNoteNode</var>
				</imp>
			</rule>
			<rule>
				<imp>
					<disj>
						<var>ObjectReferenceEdge</var>
						<var>ObjectAssociationEdge</var>
					</disj>
					<var>ObjectNode</var>
				</imp>
			</rule>
			<rule>
				<imp>
					<var>ObjectNoteEdge</var>
					<var>ObjectNoteNode</var>
				</imp>
			</rule>
			<rule>
				<imp>
					<disj>
						<var>UseCaseAssociationEdge</var>
						<disj>
							<var>ExtendRelationshipEdge</var>
							<disj>
								<var>IncludeRelationshipEdge</var>
								<var>UseCaseGeneralizationEdge</var>
							</disj>
						</disj>
					</disj>
					<var>Actor</var>
				</imp>
			</rule>
			<rule>
				<imp>
					<var>UseCaseNoteEdge</var>
					<var>UseCaseNoteNode</var>
				</imp>
			</rule>
		</constraints>
		<calculations Auto="true" Constraints="true" Features="true" Redundant="true" Tautology="true"/>
		<comments>
			<c>* Violet Model File *</c>
			<c>constraints</c>
			<c>formatting</c>
			<c>Exit {out="ExitV"}</c>
			<c>ClassD {out="ClassDiagram"}</c>
			<c>SequenceD {out="SequenceDiagram"}</c>
			<c>StateD {out="StateDiagram"}</c>
			<c>ObjectD {out="ObjectDiagram"}</c>
			<c>UseCaseD {out="UseCaseDiagram"}</c>
			<c>ImageFilter {out="ExportFilter"}</c>
			<c>SequenceParameterNode {out="SequenceImplicitParameterNode"}</c>
			<c>Actor {out="UseCaseActorNode"}</c>
			<c>ExtendRelationshipEdge {out="UseCaseExtendRelationEdge"}</c>
			<c>IncludeRelationshipEdge {out="UseCaseIncludeRelationEdge"}</c>
		</comments>
		<featureOrder userDefined="false"/>
	</featureModel>
