<?xml version="1.0" encoding="UTF-8" standalone="no"?>
	<featureModel>
		<properties/>
		<struct>
			<and abstract="true" mandatory="true" name="R">
				<alt abstract="true" name="_Ge__1">
					<and abstract="true" name="g_1_1">
						<and abstract="true" name="o_1_1_2">
							<feature name="o_1_1_2_1"/>
							<feature name="o_1_1_2_2"/>
						</and>
						<and abstract="true" name="o_1_1_3">
							<feature name="o_1_1_3_1"/>
						</and>
						<or abstract="true" name="_Gi__1_1_4">
							<feature name="g_1_1_4_1"/>
							<feature name="g_1_1_4_2"/>
							<feature name="g_1_1_4_3"/>
							<feature name="g_1_1_4_4"/>
						</or>
						<and abstract="true" name="o_1_1_5">
							<feature name="o_1_1_5_2"/>
						</and>
						<feature name="o_1_1_6"/>
						<alt abstract="true" name="_Ge__1_1_8_1">
							<feature name="g_1_1_8_1_1"/>
							<feature name="g_1_1_8_1_2"/>
						</alt>
						<feature name="o_1_1_7_1"/>
						<feature name="o_1_1_1_2"/>
						<feature name="o_1_1_1_1"/>
					</and>
					<and abstract="true" name="g_1_2">
						<or abstract="true" name="_Gi__1_2_1">
							<feature name="g_1_2_1_1"/>
							<feature name="g_1_2_1_2"/>
							<feature name="g_1_2_1_3"/>
							<feature name="g_1_2_1_4"/>
							<feature name="g_1_2_1_5"/>
						</or>
						<or abstract="true" name="_Gi__1_2_2">
							<and abstract="true" name="g_1_2_2_1">
								<alt abstract="true" name="_Ge__1_2_2_1_1">
									<feature name="g_1_2_2_1_1_1"/>
									<feature name="g_1_2_2_1_1_2"/>
									<feature name="g_1_2_2_1_1_3"/>
									<feature name="g_1_2_2_1_1_4"/>
									<feature name="g_1_2_2_1_1_5"/>
								</alt>
							</and>
							<feature name="g_1_2_2_2"/>
							<and abstract="true" name="g_1_2_2_3">
								<feature name="o_1_2_2_3_1"/>
							</and>
						</or>
						<and abstract="true" name="o_1_2_3">
							<feature name="o_1_2_3_1"/>
							<or abstract="true" name="_Gi__1_2_3_2">
								<feature name="g_1_2_3_2_1"/>
								<feature name="g_1_2_3_2_2"/>
								<feature name="g_1_2_3_2_3"/>
							</or>
							<or abstract="true" name="_Gi__1_2_3_3">
								<feature name="g_1_2_3_3_1"/>
								<feature name="g_1_2_3_3_2"/>
								<feature name="g_1_2_3_3_3"/>
							</or>
						</and>
						<and abstract="true" name="o_1_2_4">
							<feature name="o_1_2_4_3"/>
						</and>
						<and abstract="true" name="o_1_2_6">
							<feature name="o_1_2_6_2"/>
						</and>
						<feature name="o_1_2_5_2"/>
						<feature name="o_1_2_5_1"/>
					</and>
					<and abstract="true" name="g_1_3">
						<and abstract="true" name="o_1_3_4">
							<feature name="o_1_3_4_1"/>
						</and>
						<feature name="o_1_3_6"/>
						<and abstract="true" name="o_1_3_7">
							<feature name="o_1_3_7_1"/>
						</and>
						<and abstract="true" name="o_1_3_8">
							<alt abstract="true" name="_Ge__1_3_8_1">
								<feature name="g_1_3_8_1_1"/>
								<feature name="g_1_3_8_1_2"/>
							</alt>
						</and>
						<feature name="o_1_3_9"/>
						<feature name="o_1_3_5_1"/>
						<feature name="o_1_3_3_2"/>
						<feature name="o_1_3_3_1"/>
						<alt abstract="true" name="_Ge__1_3_2_1">
							<feature name="g_1_3_2_1_1"/>
							<feature name="g_1_3_2_1_2"/>
						</alt>
						<feature name="o_1_3_1_1"/>
					</and>
				</alt>
				<and abstract="true" name="o_2">
					<or abstract="true" name="_Gi__2_1">
						<feature name="g_2_1_1"/>
						<feature name="g_2_1_2"/>
						<and abstract="true" name="g_2_1_3">
							<feature name="o_2_1_3_1"/>
						</and>
						<and abstract="true" name="g_2_1_4">
							<feature name="o_2_1_4_1"/>
						</and>
						<and abstract="true" name="g_2_1_5">
							<feature name="o_2_1_5_1"/>
						</and>
					</or>
					<and abstract="true" name="o_2_3">
						<or abstract="true" name="_Gi__2_3_1">
							<feature name="g_2_3_1_1"/>
							<feature name="g_2_3_1_2"/>
							<feature name="g_2_3_1_3"/>
						</or>
						<feature name="o_2_3_2"/>
						<feature name="o_2_3_3"/>
						<feature name="o_2_3_4"/>
						<or abstract="true" name="_Gi__2_3_5">
							<feature name="g_2_3_5_1"/>
							<feature name="g_2_3_5_2"/>
							<feature name="g_2_3_5_3"/>
						</or>
					</and>
					<alt abstract="true" name="_Ge__2_4">
						<and abstract="true" name="g_2_4_1">
							<feature name="o_2_4_1_1"/>
							<feature name="o_2_4_1_2"/>
						</and>
						<and abstract="true" name="g_2_4_2">
							<feature name="o_2_4_2_1"/>
							<feature name="o_2_4_2_2"/>
							<feature name="o_2_4_2_3"/>
						</and>
					</alt>
					<or abstract="true" name="_Gi__2_5">
						<and abstract="true" name="g_2_5_1">
							<feature name="o_2_5_1_2"/>
						</and>
						<and abstract="true" name="g_2_5_2">
							<feature name="o_2_5_2_1"/>
							<feature name="o_2_5_2_3"/>
						</and>
					</or>
					<and abstract="true" name="o_2_7">
						<alt abstract="true" name="_Ge__2_7_1">
							<feature name="g_2_7_1_1"/>
							<feature name="g_2_7_1_2"/>
						</alt>
						<feature name="o_2_7_2"/>
						<feature name="o_2_7_3"/>
						<feature name="o_2_7_4"/>
					</and>
					<alt abstract="true" name="_Ge__2_9_6">
						<feature name="g_2_9_6_1"/>
						<feature name="g_2_9_6_2"/>
						<feature name="g_2_9_6_3"/>
						<feature name="g_2_9_6_4"/>
						<feature name="g_2_9_6_5"/>
					</alt>
					<feature name="o_2_9_4"/>
					<feature name="o_2_9_1"/>
					<feature name="o_2_8_6"/>
					<feature name="o_2_8_5"/>
					<feature name="o_2_8_3"/>
					<feature name="o_2_8_2"/>
					<feature name="o_2_8_1"/>
					<or abstract="true" name="_Gi__2_6_6">
						<feature name="g_2_6_6_1"/>
						<feature name="g_2_6_6_2"/>
						<feature name="g_2_6_6_3"/>
						<feature name="g_2_6_6_4"/>
					</or>
					<feature name="o_2_6_4"/>
					<feature name="o_2_6_2"/>
					<feature name="o_2_6_1"/>
					<or abstract="true" name="_Gi__2_2_5">
						<feature name="g_2_2_5_1"/>
						<feature name="g_2_2_5_2"/>
					</or>
					<feature name="o_2_2_4"/>
					<and abstract="true" name="o_2_2_1">
						<feature name="o_2_2_1_1"/>
					</and>
					<alt abstract="true" name="_Ge__2_2_2_1">
						<feature name="g_2_2_2_1_1"/>
						<feature name="g_2_2_2_1_2"/>
						<feature name="g_2_2_2_1_3"/>
						<feature name="g_2_2_2_1_4"/>
					</alt>
				</and>
				<and abstract="true" name="o_3">
					<or abstract="true" name="_Gi__3_1">
						<and abstract="true" name="g_3_1_1">
							<and abstract="true" name="o_3_1_1_1">
								<or abstract="true" name="_Gi__3_1_1_1_1">
									<feature name="g_3_1_1_1_1_1"/>
									<feature name="g_3_1_1_1_1_2"/>
								</or>
							</and>
							<and abstract="true" name="o_3_1_1_2">
								<feature name="o_3_1_1_2_1"/>
							</and>
							<feature name="o_3_1_1_3"/>
							<feature name="o_3_1_1_4"/>
							<feature name="o_3_1_1_5"/>
							<feature name="o_3_1_1_6"/>
						</and>
						<and abstract="true" name="g_3_1_2">
							<and abstract="true" name="o_3_1_2_2">
								<feature name="o_3_1_2_2_1"/>
								<or abstract="true" name="_Gi__3_1_2_2_2">
									<feature name="g_3_1_2_2_2_1"/>
									<feature name="g_3_1_2_2_2_2"/>
									<feature name="g_3_1_2_2_2_3"/>
								</or>
							</and>
							<and abstract="true" name="o_3_1_2_3">
								<or abstract="true" name="_Gi__3_1_2_3_1">
									<feature name="g_3_1_2_3_1_1"/>
									<feature name="g_3_1_2_3_1_2"/>
									<feature name="g_3_1_2_3_1_3"/>
									<feature name="g_3_1_2_3_1_4"/>
								</or>
							</and>
							<feature name="o_3_1_2_1_2"/>
						</and>
					</or>
					<and abstract="true" name="o_3_2">
						<or abstract="true" name="_Gi__3_2_1">
							<feature name="g_3_2_1_1"/>
							<feature name="g_3_2_1_2"/>
							<feature name="g_3_2_1_3"/>
							<feature name="g_3_2_1_4"/>
							<feature name="g_3_2_1_5"/>
						</or>
						<and abstract="true" name="o_3_2_2">
							<feature name="o_3_2_2_2"/>
						</and>
						<or abstract="true" name="_Gi__3_2_4">
							<and abstract="true" name="g_3_2_4_1">
								<feature name="o_3_2_4_1_1"/>
							</and>
							<feature name="g_3_2_4_2"/>
						</or>
						<and abstract="true" name="o_3_2_5">
							<feature name="o_3_2_5_1"/>
							<feature name="o_3_2_5_2"/>
						</and>
						<feature name="o_3_2_3_2"/>
						<feature name="o_3_2_3_1"/>
					</and>
					<and abstract="true" name="o_3_3">
						<and abstract="true" name="o_3_3_1">
							<feature name="o_3_3_1_2"/>
						</and>
						<or abstract="true" name="_Gi__3_3_2">
							<feature name="g_3_3_2_1"/>
							<and abstract="true" name="g_3_3_2_2">
								<feature name="o_3_3_2_2_1"/>
							</and>
						</or>
						<and abstract="true" name="o_3_3_3">
							<feature name="o_3_3_3_1"/>
						</and>
						<feature name="o_3_3_4_2"/>
						<feature name="o_3_3_4_1"/>
					</and>
					<and abstract="true" name="o_3_4">
						<or abstract="true" name="_Gi__3_4_2">
							<feature name="g_3_4_2_1"/>
							<feature name="g_3_4_2_2"/>
							<feature name="g_3_4_2_3"/>
						</or>
						<feature name="o_3_4_3"/>
						<alt abstract="true" name="_Ge__3_4_4">
							<feature name="g_3_4_4_1"/>
							<feature name="g_3_4_4_2"/>
						</alt>
						<feature name="o_3_4_7"/>
						<feature name="o_3_4_10"/>
						<feature name="o_3_4_6_1"/>
						<feature name="o_3_4_1_1"/>
					</and>
				</and>
				<and abstract="true" name="o_7">
					<and abstract="true" name="o_7_2">
						<feature name="o_7_2_1"/>
						<feature name="o_7_2_5"/>
						<feature name="o_7_2_8"/>
						<feature name="o_7_2_9"/>
					</and>
					<and abstract="true" name="o_7_3">
						<or abstract="true" name="_Gi__7_3_1">
							<feature name="g_7_3_1_1"/>
							<feature name="g_7_3_1_2"/>
						</or>
						<alt abstract="true" name="_Ge__7_3_5">
							<feature name="g_7_3_5_1"/>
							<feature name="g_7_3_5_2"/>
							<feature name="g_7_3_5_3"/>
						</alt>
						<alt abstract="true" name="_Ge__7_3_6">
							<feature name="g_7_3_6_1"/>
							<feature name="g_7_3_6_2"/>
							<feature name="g_7_3_6_3"/>
							<feature name="g_7_3_6_4"/>
							<feature name="g_7_3_6_5"/>
						</alt>
						<feature name="o_7_3_8"/>
					</and>
					<and abstract="true" name="o_7_4">
						<or abstract="true" name="_Gi__7_4_1">
							<feature name="g_7_4_1_1"/>
							<feature name="g_7_4_1_2"/>
						</or>
						<alt abstract="true" name="_Ge__7_4_3">
							<feature name="g_7_4_3_1"/>
							<feature name="g_7_4_3_2"/>
							<feature name="g_7_4_3_3"/>
							<feature name="g_7_4_3_4"/>
							<feature name="g_7_4_3_5"/>
						</alt>
						<alt abstract="true" name="_Ge__7_4_4">
							<feature name="g_7_4_4_1"/>
							<feature name="g_7_4_4_2"/>
							<feature name="g_7_4_4_3"/>
							<feature name="g_7_4_4_4"/>
							<feature name="g_7_4_4_5"/>
						</alt>
						<feature name="o_7_4_5"/>
						<alt abstract="true" name="_Ge__7_4_6">
							<feature name="g_7_4_6_1"/>
							<feature name="g_7_4_6_2"/>
							<feature name="g_7_4_6_3"/>
							<feature name="g_7_4_6_4"/>
						</alt>
					</and>
					<or abstract="true" name="_Gi__7_6">
						<and abstract="true" name="g_7_6_1">
							<or abstract="true" name="_Gi__7_6_1_1">
								<feature name="g_7_6_1_1_1"/>
								<feature name="g_7_6_1_1_2"/>
							</or>
						</and>
						<and abstract="true" name="g_7_6_2">
							<feature name="o_7_6_2_1"/>
						</and>
						<and abstract="true" name="g_7_6_3">
							<or abstract="true" name="_Gi__7_6_3_1">
								<feature name="g_7_6_3_1_1"/>
								<feature name="g_7_6_3_1_2"/>
							</or>
						</and>
						<feature name="g_7_6_4"/>
						<feature name="g_7_6_5"/>
					</or>
					<alt abstract="true" name="_Ge__7_7_6">
						<feature name="g_7_7_6_1"/>
						<feature name="g_7_7_6_2"/>
						<feature name="g_7_7_6_3"/>
						<feature name="g_7_7_6_4"/>
					</alt>
					<alt abstract="true" name="_Ge__7_7_5">
						<feature name="g_7_7_5_1"/>
						<feature name="g_7_7_5_2"/>
						<feature name="g_7_7_5_3"/>
						<feature name="g_7_7_5_4"/>
					</alt>
					<feature name="o_7_7_4"/>
					<feature name="o_7_7_3"/>
					<feature name="o_7_7_2"/>
					<feature name="o_7_5_2"/>
					<feature name="o_7_1_9"/>
					<feature name="o_7_1_8"/>
					<feature name="o_7_1_6"/>
					<feature name="o_7_1_5"/>
					<or abstract="true" name="_Gi__7_1_3">
						<feature name="g_7_1_3_1"/>
						<feature name="g_7_1_3_2"/>
						<feature name="g_7_1_3_3"/>
					</or>
					<or abstract="true" name="_Gi__7_1_1">
						<feature name="g_7_1_1_1"/>
						<feature name="g_7_1_1_2"/>
						<feature name="g_7_1_1_3"/>
						<feature name="g_7_1_1_4"/>
					</or>
				</and>
				<and abstract="true" name="o_8">
					<and abstract="true" name="o_8_1">
						<feature name="o_8_1_2"/>
						<or abstract="true" name="_Gi__8_1_4">
							<feature name="g_8_1_4_1"/>
							<feature name="g_8_1_4_2"/>
							<feature name="g_8_1_4_3"/>
						</or>
						<feature name="o_8_1_5"/>
						<feature name="o_8_1_7"/>
					</and>
					<and abstract="true" name="o_8_2">
						<feature name="o_8_2_1"/>
						<feature name="o_8_2_3"/>
						<feature name="o_8_2_4"/>
						<feature name="o_8_2_5"/>
						<feature name="o_8_2_7"/>
					</and>
					<and abstract="true" name="o_8_3">
						<feature name="o_8_3_4"/>
						<feature name="o_8_3_6"/>
					</and>
					<and abstract="true" name="o_8_4">
						<feature name="o_8_4_1"/>
						<feature name="o_8_4_3"/>
						<or abstract="true" name="_Gi__8_4_7">
							<feature name="g_8_4_7_1"/>
							<feature name="g_8_4_7_2"/>
							<feature name="g_8_4_7_3"/>
							<feature name="g_8_4_7_4"/>
							<feature name="g_8_4_7_5"/>
						</or>
						<feature name="o_8_4_8"/>
					</and>
					<alt abstract="true" name="_Ge__8_7">
						<and abstract="true" name="g_8_7_1">
							<feature name="o_8_7_1_1"/>
							<feature name="o_8_7_1_2"/>
							<alt abstract="true" name="_Ge__8_7_1_4">
								<feature name="g_8_7_1_4_1"/>
								<feature name="g_8_7_1_4_2"/>
								<feature name="g_8_7_1_4_3"/>
							</alt>
						</and>
						<and abstract="true" name="g_8_7_2">
							<or abstract="true" name="_Gi__8_7_2_2">
								<feature name="g_8_7_2_2_1"/>
								<feature name="g_8_7_2_2_2"/>
								<feature name="g_8_7_2_2_3"/>
								<feature name="g_8_7_2_2_4"/>
								<feature name="g_8_7_2_2_5"/>
							</or>
						</and>
					</alt>
					<feature name="o_8_6_5"/>
					<feature name="o_8_6_4"/>
					<feature name="o_8_6_3"/>
					<alt abstract="true" name="_Ge__8_6_1">
						<feature name="g_8_6_1_1"/>
						<feature name="g_8_6_1_2"/>
					</alt>
					<feature name="o_8_5_8"/>
					<alt abstract="true" name="_Ge__8_5_7">
						<feature name="g_8_5_7_1"/>
						<feature name="g_8_5_7_2"/>
					</alt>
					<feature name="o_8_5_6"/>
					<feature name="o_8_5_5"/>
					<feature name="o_8_5_4"/>
					<feature name="o_8_5_3"/>
					<feature name="o_8_5_2"/>
				</and>
				<and abstract="true" name="o_10_4">
					<feature name="o_10_4_1"/>
					<feature name="o_10_4_2"/>
					<feature name="o_10_4_3"/>
					<feature name="o_10_4_4"/>
					<feature name="o_10_4_5"/>
					<or abstract="true" name="_Gi__10_4_6">
						<feature name="g_10_4_6_1"/>
						<feature name="g_10_4_6_2"/>
						<feature name="g_10_4_6_3"/>
					</or>
					<feature name="o_10_4_8"/>
					<alt abstract="true" name="_Ge__10_4_10">
						<feature name="g_10_4_10_1"/>
						<feature name="g_10_4_10_2"/>
						<feature name="g_10_4_10_3"/>
					</alt>
				</and>
				<and abstract="true" name="o_10_3">
					<alt abstract="true" name="_Ge__10_3_1">
						<feature name="g_10_3_1_1"/>
						<feature name="g_10_3_1_2"/>
						<feature name="g_10_3_1_3"/>
						<feature name="g_10_3_1_4"/>
						<feature name="g_10_3_1_5"/>
					</alt>
					<alt abstract="true" name="_Ge__10_3_4">
						<feature name="g_10_3_4_1"/>
						<feature name="g_10_3_4_2"/>
					</alt>
					<feature name="o_10_3_5"/>
				</and>
				<feature name="o_10_2_4"/>
				<alt abstract="true" name="_Ge__10_2_3">
					<feature name="g_10_2_3_1"/>
					<feature name="g_10_2_3_2"/>
					<feature name="g_10_2_3_3"/>
					<feature name="g_10_2_3_4"/>
					<feature name="g_10_2_3_5"/>
				</alt>
				<feature name="o_10_2_2"/>
				<alt abstract="true" name="_Ge__10_2_1">
					<feature name="g_10_2_1_1"/>
					<feature name="g_10_2_1_2"/>
				</alt>
				<feature name="o_10_1_5"/>
				<feature name="o_10_1_4"/>
				<or abstract="true" name="_Gi__10_1_3">
					<feature name="g_10_1_3_1"/>
					<feature name="g_10_1_3_2"/>
					<feature name="g_10_1_3_3"/>
					<feature name="g_10_1_3_4"/>
					<feature name="g_10_1_3_5"/>
				</or>
				<or abstract="true" name="_Gi__10_1_1">
					<feature name="g_10_1_1_1"/>
					<feature name="g_10_1_1_2"/>
					<feature name="g_10_1_1_3"/>
					<feature name="g_10_1_1_4"/>
				</or>
				<and abstract="true" name="o_9_2">
					<or abstract="true" name="_Gi__9_2_2">
						<feature name="g_9_2_2_1"/>
						<feature name="g_9_2_2_2"/>
					</or>
					<or abstract="true" name="_Gi__9_2_3">
						<feature name="g_9_2_3_1"/>
						<feature name="g_9_2_3_2"/>
					</or>
					<feature name="o_9_2_5"/>
					<feature name="o_9_2_6"/>
					<feature name="o_9_2_8"/>
					<feature name="o_9_2_9"/>
				</and>
				<feature name="o_9_3_3"/>
				<feature name="o_9_3_2"/>
				<feature name="o_9_1_2"/>
				<feature name="o_9_1_1"/>
				<and abstract="true" name="o_6_4">
					<alt abstract="true" name="_Ge__6_4_2">
						<feature name="g_6_4_2_1"/>
						<feature name="g_6_4_2_2"/>
					</alt>
					<or abstract="true" name="_Gi__6_4_3">
						<feature name="g_6_4_3_1"/>
						<feature name="g_6_4_3_2"/>
						<feature name="g_6_4_3_3"/>
						<feature name="g_6_4_3_4"/>
						<feature name="g_6_4_3_5"/>
					</or>
					<feature name="o_6_4_5"/>
					<feature name="o_6_4_6"/>
					<feature name="o_6_4_9"/>
				</and>
				<and abstract="true" name="o_6_3">
					<alt abstract="true" name="_Ge__6_3_1">
						<feature name="g_6_3_1_1"/>
						<feature name="g_6_3_1_2"/>
						<feature name="g_6_3_1_3"/>
					</alt>
					<alt abstract="true" name="_Ge__6_3_2">
						<feature name="g_6_3_2_1"/>
						<feature name="g_6_3_2_2"/>
						<feature name="g_6_3_2_3"/>
						<feature name="g_6_3_2_4"/>
					</alt>
					<feature name="o_6_3_3"/>
					<feature name="o_6_3_4"/>
				</and>
				<and abstract="true" name="o_6_1">
					<feature name="o_6_1_1"/>
				</and>
				<feature name="o_6_5_8"/>
				<feature name="o_6_5_7"/>
				<feature name="o_6_5_6"/>
				<feature name="o_6_5_5"/>
				<alt abstract="true" name="_Ge__6_5_4">
					<feature name="g_6_5_4_1"/>
					<feature name="g_6_5_4_2"/>
					<feature name="g_6_5_4_3"/>
				</alt>
				<feature name="o_6_5_2"/>
				<feature name="o_6_5_1"/>
				<feature name="o_6_2_3"/>
				<feature name="o_6_2_2"/>
				<or abstract="true" name="_Gi__6_2_1">
					<feature name="g_6_2_1_1"/>
					<feature name="g_6_2_1_2"/>
					<feature name="g_6_2_1_3"/>
					<feature name="g_6_2_1_4"/>
				</or>
				<and abstract="true" name="o_5_5">
					<feature name="o_5_5_1"/>
					<alt abstract="true" name="_Ge__5_5_2">
						<feature name="g_5_5_2_1"/>
						<feature name="g_5_5_2_2"/>
						<feature name="g_5_5_2_3"/>
						<feature name="g_5_5_2_4"/>
					</alt>
					<feature name="o_5_5_3"/>
				</and>
				<and abstract="true" name="o_5_4">
					<feature name="o_5_4_1"/>
					<or abstract="true" name="_Gi__5_4_3">
						<feature name="g_5_4_3_1"/>
						<feature name="g_5_4_3_2"/>
						<feature name="g_5_4_3_3"/>
						<feature name="g_5_4_3_4"/>
					</or>
					<feature name="o_5_4_5"/>
				</and>
				<and abstract="true" name="o_5_3">
					<feature name="o_5_3_1"/>
					<or abstract="true" name="_Gi__5_3_2">
						<feature name="g_5_3_2_1"/>
						<feature name="g_5_3_2_2"/>
						<feature name="g_5_3_2_3"/>
						<feature name="g_5_3_2_4"/>
					</or>
					<feature name="o_5_3_3"/>
					<feature name="o_5_3_4"/>
					<feature name="o_5_3_5"/>
					<alt abstract="true" name="_Ge__5_3_6">
						<feature name="g_5_3_6_1"/>
						<feature name="g_5_3_6_2"/>
						<feature name="g_5_3_6_3"/>
						<feature name="g_5_3_6_4"/>
						<feature name="g_5_3_6_5"/>
					</alt>
				</and>
				<and abstract="true" name="o_5_2">
					<or abstract="true" name="_Gi__5_2_1">
						<feature name="g_5_2_1_1"/>
						<feature name="g_5_2_1_2"/>
					</or>
					<or abstract="true" name="_Gi__5_2_3">
						<feature name="g_5_2_3_1"/>
						<feature name="g_5_2_3_2"/>
						<feature name="g_5_2_3_3"/>
						<feature name="g_5_2_3_4"/>
					</or>
					<feature name="o_5_2_4"/>
					<feature name="o_5_2_5"/>
				</and>
				<and abstract="true" name="o_5_1">
					<feature name="o_5_1_1"/>
					<alt abstract="true" name="_Ge__5_1_2">
						<feature name="g_5_1_2_1"/>
						<feature name="g_5_1_2_2"/>
						<feature name="g_5_1_2_3"/>
						<feature name="g_5_1_2_4"/>
						<feature name="g_5_1_2_5"/>
					</alt>
					<feature name="o_5_1_3"/>
					<feature name="o_5_1_4"/>
					<feature name="o_5_1_5"/>
				</and>
				<or abstract="true" name="_Gi__4_10">
					<and abstract="true" name="g_4_10_1">
						<feature name="o_4_10_1_1"/>
						<feature name="o_4_10_1_2"/>
					</and>
					<feature name="g_4_10_2"/>
				</or>
				<and abstract="true" name="o_4_9">
					<feature name="o_4_9_2"/>
					<feature name="o_4_9_3"/>
					<feature name="o_4_9_4"/>
					<feature name="o_4_9_5"/>
				</and>
				<and abstract="true" name="o_4_8">
					<or abstract="true" name="_Gi__4_8_2">
						<feature name="g_4_8_2_1"/>
						<feature name="g_4_8_2_2"/>
						<feature name="g_4_8_2_3"/>
						<feature name="g_4_8_2_4"/>
						<feature name="g_4_8_2_5"/>
					</or>
					<feature name="o_4_8_3"/>
					<feature name="o_4_8_4"/>
					<feature name="o_4_8_5"/>
				</and>
				<and abstract="true" name="o_4_6">
					<and abstract="true" name="o_4_6_1">
						<alt abstract="true" name="_Ge__4_6_1_1">
							<feature name="g_4_6_1_1_1"/>
							<feature name="g_4_6_1_1_2"/>
						</alt>
					</and>
					<feature name="o_4_6_2"/>
				</and>
				<and abstract="true" name="o_4_5">
					<feature name="o_4_5_3"/>
				</and>
				<and abstract="true" name="o_4_2">
					<feature name="o_4_2_1"/>
					<feature name="o_4_2_2"/>
					<feature name="o_4_2_4"/>
					<feature name="o_4_2_5"/>
					<feature name="o_4_2_6"/>
				</and>
				<and abstract="true" name="o_4_1">
					<and abstract="true" name="o_4_1_1">
						<feature name="o_4_1_1_1"/>
					</and>
					<and abstract="true" name="o_4_1_3">
						<feature name="o_4_1_3_1"/>
					</and>
				</and>
				<feature name="o_4_7_4"/>
				<feature name="o_4_7_3"/>
				<and abstract="true" name="o_4_4_2">
					<feature name="o_4_4_2_2"/>
				</and>
				<and abstract="true" name="o_4_4_1">
					<or abstract="true" name="_Gi__4_4_1_2">
						<feature name="g_4_4_1_2_1"/>
						<feature name="g_4_4_1_2_2"/>
						<feature name="g_4_4_1_2_3"/>
						<feature name="g_4_4_1_2_4"/>
						<feature name="g_4_4_1_2_5"/>
					</or>
				</and>
				<feature name="o_4_3_6"/>
				<feature name="o_4_3_5"/>
				<feature name="o_4_3_4"/>
				<alt abstract="true" name="_Ge__4_3_3">
					<feature name="g_4_3_3_1"/>
					<feature name="g_4_3_3_2"/>
					<feature name="g_4_3_3_3"/>
				</alt>
				<feature name="o_4_3_2"/>
			</and>
		</struct>
		<constraints>
			<rule>
				<disj>
					<not>
						<var>o_5_5_1</var>
					</not>
					<not>
						<var>g_5_5_2_4</var>
					</not>
				</disj>
			</rule>
			<rule>
				<disj>
					<not>
						<var>o_3_2</var>
					</not>
					<not>
						<var>o_3_2_2</var>
					</not>
				</disj>
			</rule>
			<rule>
				<disj>
					<var>o_3_4</var>
					<not>
						<var>o_3_4_3</var>
					</not>
				</disj>
			</rule>
			<rule>
				<var>o_8_3</var>
			</rule>
			<rule>
				<disj>
					<not>
						<var>o_1_2_6</var>
					</not>
					<not>
						<var>g_1_3</var>
					</not>
				</disj>
			</rule>
			<rule>
				<disj>
					<not>
						<var>g_1_1_4_3</var>
					</not>
					<not>
						<var>o_1_2_4</var>
					</not>
				</disj>
			</rule>
			<rule>
				<disj>
					<var>o_1_3_6</var>
					<not>
						<var>o_1_1_3</var>
					</not>
				</disj>
			</rule>
			<rule>
				<disj>
					<var>o_1_2_6</var>
					<not>
						<var>o_1_3_6</var>
					</not>
				</disj>
			</rule>
			<rule>
				<disj>
					<var>o_1_3_4_1</var>
					<not>
						<var>g_1_2_2_2</var>
					</not>
				</disj>
			</rule>
			<rule>
				<disj>
					<not>
						<var>o_1_1_1_2</var>
					</not>
					<var>o_1_3_4</var>
				</disj>
			</rule>
			<rule>
				<disj>
					<var>o_6_5_7</var>
					<not>
						<var>g_6_2_1_4</var>
					</not>
				</disj>
			</rule>
			<rule>
				<disj>
					<var>o_6_1</var>
					<not>
						<var>g_6_3_1_2</var>
					</not>
				</disj>
			</rule>
			<rule>
				<disj>
					<not>
						<var>o_6_5_7</var>
					</not>
					<not>
						<var>o_6_2_3</var>
					</not>
				</disj>
			</rule>
			<rule>
				<disj>
					<var>o_2_1_3_1</var>
					<var>g_2_6_6_3</var>
				</disj>
			</rule>
			<rule>
				<disj>
					<not>
						<var>o_2_2_1</var>
					</not>
					<not>
						<var>o_2_4_2_3</var>
					</not>
				</disj>
			</rule>
			<rule>
				<disj>
					<var>o_2</var>
					<not>
						<var>o_2_5_2_3</var>
					</not>
				</disj>
			</rule>
			<rule>
				<disj>
					<not>
						<var>g_2_3_1_2</var>
					</not>
					<var>o_2_7_2</var>
				</disj>
			</rule>
			<rule>
				<disj>
					<var>o_2_1_4_1</var>
					<not>
						<var>o_2</var>
					</not>
				</disj>
			</rule>
			<rule>
				<disj>
					<var>o_2_2_4</var>
					<not>
						<var>g_2_4_2</var>
					</not>
				</disj>
			</rule>
			<rule>
				<disj>
					<not>
						<var>o_2</var>
					</not>
					<not>
						<var>o_2_5_1_2</var>
					</not>
				</disj>
			</rule>
			<rule>
				<disj>
					<var>o_3_4_1_1</var>
					<var>g_3_2_1_3</var>
				</disj>
			</rule>
			<rule>
				<disj>
					<var>o_3_3_3_1</var>
					<var>o_3_1_2_2_1</var>
				</disj>
			</rule>
			<rule>
				<disj>
					<not>
						<var>o_3_4_1_1</var>
					</not>
					<var>o_3_2_5_2</var>
				</disj>
			</rule>
			<rule>
				<disj>
					<var>o_3_1_2_2</var>
					<var>o_3_4</var>
				</disj>
			</rule>
			<rule>
				<disj>
					<var>o_3_3_1</var>
					<not>
						<var>o_3_2_3_2</var>
					</not>
				</disj>
			</rule>
			<rule>
				<disj>
					<var>o_3_1_1_2_1</var>
					<not>
						<var>o_3_4</var>
					</not>
				</disj>
			</rule>
			<rule>
				<disj>
					<var>o_4_7_3</var>
					<not>
						<var>o_4_1_3_1</var>
					</not>
				</disj>
			</rule>
			<rule>
				<disj>
					<not>
						<var>o_4_6</var>
					</not>
					<var>g_4_4_1_2_1</var>
				</disj>
			</rule>
			<rule>
				<disj>
					<var>o_4_3_4</var>
					<var>o_4_2_6</var>
				</disj>
			</rule>
			<rule>
				<disj>
					<var>R</var>
					<not>
						<var>o_4_8</var>
					</not>
				</disj>
			</rule>
			<rule>
				<disj>
					<var>o_4_1_1_1</var>
					<var>g_4_10_1</var>
				</disj>
			</rule>
			<rule>
				<disj>
					<not>
						<var>o_4_5</var>
					</not>
					<not>
						<var>g_4_6_1_1_1</var>
					</not>
				</disj>
			</rule>
			<rule>
				<disj>
					<not>
						<var>o_7</var>
					</not>
					<not>
						<var>g_7_1_3_3</var>
					</not>
				</disj>
			</rule>
			<rule>
				<disj>
					<not>
						<var>o_7_2_1</var>
					</not>
					<var>g_7_3_5_2</var>
				</disj>
			</rule>
			<rule>
				<disj>
					<var>g_7_4_3_2</var>
					<var>g_7_6_3_1_1</var>
				</disj>
			</rule>
			<rule>
				<disj>
					<var>o_7</var>
					<var>g_7_1_1_3</var>
				</disj>
			</rule>
			<rule>
				<disj>
					<var>g_7_1_1_2</var>
					<not>
						<var>o_7_3</var>
					</not>
				</disj>
			</rule>
			<rule>
				<disj>
					<not>
						<var>o_7</var>
					</not>
					<not>
						<var>o_7_2_5</var>
					</not>
				</disj>
			</rule>
			<rule>
				<disj>
					<var>g_7_6_5</var>
					<var>g_7_4_4_1</var>
				</disj>
			</rule>
			<rule>
				<disj>
					<var>o_5_4</var>
					<var>g_5_3_2_2</var>
				</disj>
			</rule>
			<rule>
				<disj>
					<not>
						<var>g_5_2_1_1</var>
					</not>
					<var>g_5_1_2_1</var>
				</disj>
			</rule>
			<rule>
				<disj>
					<not>
						<var>g_5_2_3_2</var>
					</not>
					<var>g_5_1_2_4</var>
				</disj>
			</rule>
			<rule>
				<disj>
					<not>
						<var>o_5_3_5</var>
					</not>
					<var>o_5_4</var>
				</disj>
			</rule>
			<rule>
				<disj>
					<not>
						<var>o_9_1_1</var>
					</not>
					<not>
						<var>o_9_2_5</var>
					</not>
				</disj>
			</rule>
			<rule>
				<disj>
					<var>o_10_3</var>
					<not>
						<var>g_10_2_3_2</var>
					</not>
				</disj>
			</rule>
			<rule>
				<disj>
					<not>
						<var>g_10_1_1_1</var>
					</not>
					<var>o_10_4_2</var>
				</disj>
			</rule>
			<rule>
				<disj>
					<var>o_8_2</var>
					<not>
						<var>o_8_1</var>
					</not>
				</disj>
			</rule>
			<rule>
				<disj>
					<var>o_8_3</var>
					<var>g_8_4_7_2</var>
				</disj>
			</rule>
			<rule>
				<disj>
					<var>g_8_7_2_2_4</var>
					<var>o_8_5_2</var>
				</disj>
			</rule>
			<rule>
				<disj>
					<not>
						<var>R</var>
					</not>
					<var>g_3_3_2_1</var>
				</disj>
			</rule>
			<rule>
				<disj>
					<var>o_2_8_6</var>
					<var>o_4_2</var>
				</disj>
			</rule>
			<rule>
				<disj>
					<not>
						<var>g_6_4_3_1</var>
					</not>
					<var>o_1_3_4</var>
				</disj>
			</rule>
			<rule>
				<disj>
					<var>o_8_1_2</var>
					<var>o_7_2</var>
				</disj>
			</rule>
			<rule>
				<disj>
					<not>
						<var>g_10_2_3_4</var>
					</not>
					<var>o_9_2</var>
				</disj>
			</rule>
			<rule>
				<disj>
					<var>o_3_1_2_1_2</var>
					<var>o_2</var>
				</disj>
			</rule>
			<rule>
				<disj>
					<not>
						<var>g_4_8_2_4</var>
					</not>
					<var>g_6_5_4_2</var>
				</disj>
			</rule>
			<rule>
				<disj>
					<var>o_1_3_7</var>
					<not>
						<var>g_8_7_1</var>
					</not>
				</disj>
			</rule>
			<rule>
				<disj>
					<not>
						<var>g_7_6_5</var>
					</not>
					<var>g_10_3_1_3</var>
				</disj>
			</rule>
			<rule>
				<disj>
					<var>o_9_2</var>
					<not>
						<var>g_3_1_1</var>
					</not>
				</disj>
			</rule>
			<rule>
				<disj>
					<var>g_2_9_6_2</var>
					<var>g_4_8_2_5</var>
				</disj>
			</rule>
			<rule>
				<disj>
					<var>g_6_3_2_4</var>
					<not>
						<var>g_1_2_3_3_2</var>
					</not>
				</disj>
			</rule>
		</constraints>
		<calculations Auto="true" Constraints="true" Features="true" Redundant="true" Tautology="true"/>
		<comments/>
		<featureOrder userDefined="false"/>
	</featureModel>
